{"cameraMode":{"drawMode":0,"name":"Shaded","section":"Shading Mode"},"sceneLighting":true,"audioPlay":false,"sceneViewState":{"m_AlwaysRefresh":false,"showFog":true,"showSkybox":true,"showFlares":true,"showImageEffects":true,"showParticleSystems":true,"showVisualEffectGraphs":true,"m_FxEnabled":true},"in2DMode":false,"pivot":{"x":-2.7459075450897219,"y":25.188724517822267,"z":11.370787620544434},"rotation":{"x":-0.40237200260162356,"y":-0.5390421152114868,"z":0.32665708661079409,"w":-0.6639998555183411},"size":3.4600863456726076,"orthographic":false}