{"cameraMode":{"drawMode":0,"name":"Shaded","section":"Shading Mode"},"sceneLighting":true,"audioPlay":false,"sceneViewState":{"m_AlwaysRefresh":false,"showFog":true,"showSkybox":true,"showFlares":true,"showImageEffects":true,"showParticleSystems":true,"showVisualEffectGraphs":true,"m_FxEnabled":true},"in2DMode":false,"pivot":{"x":-2.890249252319336,"y":1.8199999332427979,"z":2.0431385040283205},"rotation":{"x":0.4558643102645874,"y":-0.22448500990867616,"z":0.12031175196170807,"w":0.8531548380851746},"size":8.180739402770996,"orthographic":false}