{"cameraMode":{"drawMode":0,"name":"Shaded","section":"Shading Mode"},"sceneLighting":true,"audioPlay":false,"sceneViewState":{"m_AlwaysRefresh":false,"showFog":true,"showSkybox":true,"showFlares":true,"showImageEffects":true,"showParticleSystems":true,"showVisualEffectGraphs":true,"m_FxEnabled":true},"in2DMode":false,"pivot":{"x":-1.8696473836898804,"y":3.2115869522094728,"z":74.71897888183594},"rotation":{"x":0.19970276951789857,"y":0.7880287170410156,"z":-0.3256164789199829,"w":0.48343291878700259},"size":18.124967575073243,"orthographic":false}