{"cameraMode":{"drawMode":0,"name":"Shaded","section":"Shading Mode"},"sceneLighting":true,"audioPlay":false,"sceneViewState":{"m_AlwaysRefresh":false,"showFog":true,"showSkybox":true,"showFlares":true,"showImageEffects":true,"showParticleSystems":true,"showVisualEffectGraphs":true,"m_FxEnabled":true},"in2DMode":false,"pivot":{"x":14.28713321685791,"y":7.101744651794434,"z":8.930870056152344},"rotation":{"x":0.060449253767728809,"y":0.8942216038703919,"z":-0.42568159103393557,"w":0.12663954496383668},"size":9.731343269348145,"orthographic":false}