{"cameraMode":{"drawMode":0,"name":"Shaded","section":"Shading Mode"},"sceneLighting":true,"audioPlay":false,"sceneViewState":{"m_AlwaysRefresh":false,"showFog":true,"showSkybox":true,"showFlares":true,"showImageEffects":true,"showParticleSystems":true,"showVisualEffectGraphs":true,"m_FxEnabled":true},"in2DMode":false,"pivot":{"x":-2.890249252319336,"y":1.8199999332427979,"z":2.0431385040283205},"rotation":{"x":0.4103923738002777,"y":-0.046059053391218188,"z":0.020577069371938707,"w":0.9108507037162781},"size":24.730436325073243,"orthographic":false}