{"cameraMode":{"drawMode":0,"name":"Shaded","section":"Shading Mode"},"sceneLighting":true,"audioPlay":false,"sceneViewState":{"m_AlwaysRefresh":false,"showFog":true,"showSkybox":true,"showFlares":true,"showImageEffects":true,"showParticleSystems":true,"showVisualEffectGraphs":true,"m_FxEnabled":true},"in2DMode":false,"pivot":{"x":-8.743099212646485,"y":-11.461655616760254,"z":15.769546508789063},"rotation":{"x":-0.26272082328796389,"y":0.7372487187385559,"z":-0.44675034284591677,"w":-0.4335087537765503},"size":61.510536193847659,"orthographic":false}